{
	"IcoMoonType": "selection",
	"icons": [
		{
			"icon": {
				"paths": [
					"M977.582 194.462c-33.984-9.708-69.41 9.97-79.12 43.956l-5.022 17.582h-596.942l-8.992-71.938c-4.004-32.028-31.23-56.062-63.506-56.062h-160c-35.346 0-64 28.654-64 64s28.654 64 64 64h103.502l56.992 455.938c4.004 32.026 31.23 56.062 63.506 56.062h544c28.574 0 53.688-18.944 61.538-46.418l128-448c9.71-33.986-9.97-69.41-43.956-79.12zM512 512v-64h127.996v64h-127.996zM639.996 576v64h-127.996v-64h127.996zM512 384v-64h127.996v64h-127.996zM304.498 320h143.502v64h-135.502l-8-64zM320.498 448h127.502v64h-119.502l-8-64zM336.498 576h111.502v64h-103.502l-8-64zM783.724 640h-79.728v-64h98.014l-18.286 64zM820.296 512h-116.3v-64h134.586l-18.286 64zM856.868 384h-152.872v-64h171.158l-18.286 64zM256 928c0-53.019 42.981-96 96-96s96 42.981 96 96c0 53.019-42.981 96-96 96-53.019 0-96-42.981-96-96zM640 928c0-53.019 42.981-96 96-96s96 42.981 96 96c0 53.019-42.981 96-96 96-53.019 0-96-42.981-96-96z"
				],
				"tags": [
					"cart",
					"ecommerce",
					"shopping",
					"products",
					"purchase",
					"buy",
					"store"
				],
				"grid": 16
			},
			"properties": {
				"id": 55,
				"order": 1,
				"prevSize": 32,
				"code": 58880,
				"name": "cart",
				"ligatures": ""
			},
			"setIdx": 0,
			"iconIdx": 55
		}
	],
	"height": 1024,
	"metadata": {
		"name": "icomoon"
	},
	"preferences": {
		"fontPref": {
			"prefix": "icon-",
			"metadata": {
				"fontFamily": "icomoon"
			},
			"showGlyphs": true,
			"metrics": {
				"emSize": 512,
				"baseline": 6.25,
				"whitespace": 50
			},
			"resetPoint": 58880,
			"showQuickUse": true,
			"quickUsageToken": false,
			"showMetrics": true,
			"showMetadata": false
		},
		"imagePref": {
			"color": 0,
			"height": 32,
			"columns": 16,
			"margin": 16,
			"png": false,
			"sprites": true
		},
		"historySize": 100,
		"showCodes": true,
		"gridSize": 16,
		"showLiga": false,
		"showGrid": true,
		"showGlyphs": true,
		"showQuickUse": true,
		"search": ""
	}
}